date,BOM Data,Weather Station Data
01/06/2019 00:00,14.36,0.0
01/06/2019 01:00,14.36,0.0
01/06/2019 02:00,14.36,0.0
01/06/2019 03:00,14.36,0.0
01/06/2019 04:00,14.36,0.0
01/06/2019 05:00,14.36,0.0
01/06/2019 06:00,14.36,0.0
01/06/2019 07:00,14.36,20.395
01/06/2019 08:00,14.36,224.605
01/06/2019 09:00,14.36,305.625
01/06/2019 10:00,14.36,353.42
01/06/2019 11:00,14.36,363.6
01/06/2019 12:00,14.36,327.3
01/06/2019 13:00,14.36,185.215
01/06/2019 14:00,14.36,130.135
01/06/2019 15:00,14.36,90.91
01/06/2019 16:00,14.36,34.77
01/06/2019 17:00,14.36,0.0
01/06/2019 18:00,14.36,0.0
01/06/2019 19:00,14.36,0.0
01/06/2019 20:00,14.36,0.0
01/06/2019 21:00,14.36,0.0
01/06/2019 22:00,14.36,0.0
01/06/2019 23:00,14.36,0.0
02/06/2019 00:00,10.06,0.0
02/06/2019 01:00,10.06,0.0
02/06/2019 02:00,10.06,0.0
02/06/2019 03:00,10.06,0.0
02/06/2019 04:00,10.06,0.0
02/06/2019 05:00,10.06,0.0
02/06/2019 06:00,10.06,0.0
02/06/2019 07:00,10.06,26.7
02/06/2019 08:00,10.06,256.32
02/06/2019 09:00,10.06,164.775
02/06/2019 10:00,10.06,153.03
02/06/2019 11:00,10.06,413.49
02/06/2019 12:00,10.06,248.4
02/06/2019 13:00,10.06,99.455
02/06/2019 14:00,10.06,95.08
02/06/2019 15:00,10.06,82.12
02/06/2019 16:00,10.06,32.035
02/06/2019 17:00,10.06,0.0
02/06/2019 18:00,10.06,0.0
02/06/2019 19:00,10.06,0.0
02/06/2019 20:00,10.06,0.0
02/06/2019 21:00,10.06,0.0
02/06/2019 22:00,10.06,0.0
02/06/2019 23:00,10.06,0.0
03/06/2019 00:00,13.89,0.0
03/06/2019 01:00,13.89,0.0
03/06/2019 02:00,13.89,0.0
03/06/2019 03:00,13.89,0.0
03/06/2019 04:00,13.89,0.0
03/06/2019 05:00,13.89,0.0
03/06/2019 06:00,13.89,0.0
03/06/2019 07:00,13.89,33.76
03/06/2019 08:00,13.89,283.13
03/06/2019 09:00,13.89,313.995
03/06/2019 10:00,13.89,349.86
03/06/2019 11:00,13.89,370.21
03/06/2019 12:00,13.89,318.42
03/06/2019 13:00,13.89,222.61
03/06/2019 14:00,13.89,180.025
03/06/2019 15:00,13.89,72.57
03/06/2019 16:00,13.89,35.035
03/06/2019 17:00,13.89,0.0
03/06/2019 18:00,13.89,0.0
03/06/2019 19:00,13.89,0.0
03/06/2019 20:00,13.89,0.0
03/06/2019 21:00,13.89,0.0
03/06/2019 22:00,13.89,0.0
03/06/2019 23:00,13.89,0.0
04/06/2019 00:00,14.6,0.0
04/06/2019 01:00,14.6,0.0
04/06/2019 02:00,14.6,0.0
04/06/2019 03:00,14.6,0.0
04/06/2019 04:00,14.6,0.0
04/06/2019 05:00,14.6,0.0
04/06/2019 06:00,14.6,0.0
04/06/2019 07:00,14.6,22.27
04/06/2019 08:00,14.6,236.365
04/06/2019 09:00,14.6,298.56
04/06/2019 10:00,14.6,337.86
04/06/2019 11:00,14.6,340.4
04/06/2019 12:00,14.6,296.945
04/06/2019 13:00,14.6,209.81
04/06/2019 14:00,14.6,166.335
04/06/2019 15:00,14.6,74.65
04/06/2019 16:00,14.6,31.7
04/06/2019 17:00,14.6,0.0
04/06/2019 18:00,14.6,0.0
04/06/2019 19:00,14.6,0.0
04/06/2019 20:00,14.6,0.0
04/06/2019 21:00,14.6,0.0
04/06/2019 22:00,14.6,0.0
04/06/2019 23:00,14.6,0.0
05/06/2019 00:00,14.19,0.0
05/06/2019 01:00,14.19,0.0
05/06/2019 02:00,14.19,0.0
05/06/2019 03:00,14.19,0.0
05/06/2019 04:00,14.19,0.0
05/06/2019 05:00,14.19,0.0
05/06/2019 06:00,14.19,0.0
05/06/2019 07:00,14.19,24.64
05/06/2019 08:00,14.19,241.54
05/06/2019 09:00,14.19,320.875
05/06/2019 10:00,14.19,363.1
05/06/2019 11:00,14.19,369.27
05/06/2019 12:00,14.19,323.56
05/06/2019 13:00,14.19,213.99
05/06/2019 14:00,14.19,229.615
05/06/2019 15:00,14.19,95.01
05/06/2019 16:00,14.19,44.385
05/06/2019 17:00,14.19,0.0
05/06/2019 18:00,14.19,0.0
05/06/2019 19:00,14.19,0.0
05/06/2019 20:00,14.19,0.0
05/06/2019 21:00,14.19,0.0
05/06/2019 22:00,14.19,0.0
05/06/2019 23:00,14.19,0.0
06/06/2019 00:00,12.9,0.0
06/06/2019 01:00,12.9,0.0
06/06/2019 02:00,12.9,0.0
06/06/2019 03:00,12.9,0.0
06/06/2019 04:00,12.9,0.0
06/06/2019 05:00,12.9,0.0
06/06/2019 06:00,12.9,0.0
06/06/2019 07:00,12.9,33.81
06/06/2019 08:00,12.9,248.59
06/06/2019 09:00,12.9,312.45
06/06/2019 10:00,12.9,317.02
06/06/2019 11:00,12.9,269.1
06/06/2019 12:00,12.9,290.485
06/06/2019 13:00,12.9,157.695
06/06/2019 14:00,12.9,133.405
06/06/2019 15:00,12.9,88.33
06/06/2019 16:00,12.9,48.24
06/06/2019 17:00,12.9,0.0
06/06/2019 18:00,12.9,0.0
06/06/2019 19:00,12.9,0.0
06/06/2019 20:00,12.9,0.0
06/06/2019 21:00,12.9,0.0
06/06/2019 22:00,12.9,0.0
06/06/2019 23:00,12.9,0.0
07/06/2019 00:00,11.51,0.0
07/06/2019 01:00,11.51,0.0
07/06/2019 02:00,11.51,0.0
07/06/2019 03:00,11.51,0.0
07/06/2019 04:00,11.51,0.0
07/06/2019 05:00,11.51,0.0
07/06/2019 06:00,11.51,0.0
07/06/2019 07:00,11.51,26.26
07/06/2019 08:00,11.51,231.9
07/06/2019 09:00,11.51,302.94
07/06/2019 10:00,11.51,346.27
07/06/2019 11:00,11.51,385.93
07/06/2019 12:00,11.51,206.0
07/06/2019 13:00,11.51,103.65
07/06/2019 14:00,11.51,69.725
07/06/2019 15:00,11.51,114.42
07/06/2019 16:00,11.51,35.5
07/06/2019 17:00,11.51,0.0
07/06/2019 18:00,11.51,0.0
07/06/2019 19:00,11.51,0.0
07/06/2019 20:00,11.51,0.0
07/06/2019 21:00,11.51,0.0
07/06/2019 22:00,11.51,0.0
07/06/2019 23:00,11.51,0.0
08/06/2019 00:00,5.53,0.0
08/06/2019 01:00,5.53,0.0
08/06/2019 02:00,5.53,0.0
08/06/2019 03:00,5.53,0.0
08/06/2019 04:00,5.53,0.0
08/06/2019 05:00,5.53,0.0
08/06/2019 06:00,5.53,0.0
08/06/2019 07:00,5.53,28.86
08/06/2019 08:00,5.53,50.87
08/06/2019 09:00,5.53,88.13
08/06/2019 10:00,5.53,82.3
08/06/2019 11:00,5.53,106.825
08/06/2019 12:00,5.53,69.155
08/06/2019 13:00,5.53,27.375
08/06/2019 14:00,5.53,25.395
08/06/2019 15:00,5.53,13.13
08/06/2019 16:00,5.53,38.13
08/06/2019 17:00,5.53,0.0
08/06/2019 18:00,5.53,0.0
08/06/2019 19:00,5.53,0.0
08/06/2019 20:00,5.53,0.0
08/06/2019 21:00,5.53,0.0
08/06/2019 22:00,5.53,0.0
08/06/2019 23:00,5.53,0.0
09/06/2019 00:00,13.68,0.0
09/06/2019 01:00,13.68,0.0
09/06/2019 02:00,13.68,0.0
09/06/2019 03:00,13.68,0.0
09/06/2019 04:00,13.68,0.0
09/06/2019 05:00,13.68,0.0
09/06/2019 06:00,13.68,0.0
09/06/2019 07:00,13.68,0.0
09/06/2019 08:00,13.68,121.91
09/06/2019 09:00,13.68,209.085
09/06/2019 10:00,13.68,356.85
09/06/2019 11:00,13.68,355.76
09/06/2019 12:00,13.68,318.985
09/06/2019 13:00,13.68,229.775
09/06/2019 14:00,13.68,196.305
09/06/2019 15:00,13.68,138.58
09/06/2019 16:00,13.68,52.33
09/06/2019 17:00,13.68,0.0
09/06/2019 18:00,13.68,0.0
09/06/2019 19:00,13.68,0.0
09/06/2019 20:00,13.68,0.0
09/06/2019 21:00,13.68,0.0
09/06/2019 22:00,13.68,0.0
09/06/2019 23:00,13.68,0.0
10/06/2019 00:00,14.19,0.0
10/06/2019 01:00,14.19,0.0
10/06/2019 02:00,14.19,0.0
10/06/2019 03:00,14.19,0.0
10/06/2019 04:00,14.19,0.0
10/06/2019 05:00,14.19,0.0
10/06/2019 06:00,14.19,0.0
10/06/2019 07:00,14.19,23.39
10/06/2019 08:00,14.19,228.51
10/06/2019 09:00,14.19,307.98
10/06/2019 10:00,14.19,350.73
10/06/2019 11:00,14.19,357.58
10/06/2019 12:00,14.19,317.1
10/06/2019 13:00,14.19,88.11
10/06/2019 14:00,14.19,50.085
10/06/2019 15:00,14.19,100.675
10/06/2019 16:00,14.19,33.415
10/06/2019 17:00,14.19,0.0
10/06/2019 18:00,14.19,0.0
10/06/2019 19:00,14.19,0.0
10/06/2019 20:00,14.19,0.0
10/06/2019 21:00,14.19,0.0
10/06/2019 22:00,14.19,0.0
10/06/2019 23:00,14.19,0.0
11/06/2019 00:00,14.36,0.0
11/06/2019 01:00,14.36,0.0
11/06/2019 02:00,14.36,0.0
11/06/2019 03:00,14.36,0.0
11/06/2019 04:00,14.36,0.0
11/06/2019 05:00,14.36,0.0
11/06/2019 06:00,14.36,0.0
11/06/2019 07:00,14.36,0.0
11/06/2019 08:00,14.36,0.0
11/06/2019 09:00,14.36,0.0
11/06/2019 10:00,14.36,0.0
11/06/2019 11:00,14.36,0.0
11/06/2019 12:00,14.36,0.0
11/06/2019 13:00,14.36,0.0
11/06/2019 14:00,14.36,0.0
11/06/2019 15:00,14.36,0.0
11/06/2019 16:00,14.36,0.0
11/06/2019 17:00,14.36,0.0
11/06/2019 18:00,14.36,0.0
11/06/2019 19:00,14.36,0.0
11/06/2019 20:00,14.36,0.0
11/06/2019 21:00,14.36,0.0
11/06/2019 22:00,14.36,0.0
11/06/2019 23:00,14.36,0.0
12/06/2019 00:00,12.27,0.0
12/06/2019 01:00,12.27,0.0
12/06/2019 02:00,12.27,0.0
12/06/2019 03:00,12.27,0.0
12/06/2019 04:00,12.27,0.0
12/06/2019 05:00,12.27,0.0
12/06/2019 06:00,12.27,0.0
12/06/2019 07:00,12.27,0.0
12/06/2019 08:00,12.27,0.0
12/06/2019 09:00,12.27,0.0
12/06/2019 10:00,12.27,0.0
12/06/2019 11:00,12.27,0.0
12/06/2019 12:00,12.27,0.0
12/06/2019 13:00,12.27,0.0
12/06/2019 14:00,12.27,0.0
12/06/2019 15:00,12.27,0.0
12/06/2019 16:00,12.27,0.0
12/06/2019 17:00,12.27,0.0
12/06/2019 18:00,12.27,0.0
12/06/2019 19:00,12.27,0.0
12/06/2019 20:00,12.27,0.0
12/06/2019 21:00,12.27,0.0
12/06/2019 22:00,12.27,0.0
12/06/2019 23:00,12.27,0.0
13/06/2019 00:00,9.42,0.0
13/06/2019 01:00,9.42,0.0
13/06/2019 02:00,9.42,0.0
13/06/2019 03:00,9.42,0.0
13/06/2019 04:00,9.42,0.0
13/06/2019 05:00,9.42,0.0
13/06/2019 06:00,9.42,0.0
13/06/2019 07:00,9.42,0.0
13/06/2019 08:00,9.42,0.0
13/06/2019 09:00,9.42,0.0
13/06/2019 10:00,9.42,0.0
13/06/2019 11:00,9.42,0.0
13/06/2019 12:00,9.42,0.0
13/06/2019 13:00,9.42,0.0
13/06/2019 14:00,9.42,0.0
13/06/2019 15:00,9.42,0.0
13/06/2019 16:00,9.42,0.0
13/06/2019 17:00,9.42,0.0
13/06/2019 18:00,9.42,0.0
13/06/2019 19:00,9.42,0.0
13/06/2019 20:00,9.42,0.0
13/06/2019 21:00,9.42,0.0
13/06/2019 22:00,9.42,0.0
13/06/2019 23:00,9.42,0.0
14/06/2019 00:00,14.3,0.0
14/06/2019 01:00,14.3,0.0
14/06/2019 02:00,14.3,0.0
14/06/2019 03:00,14.3,0.0
14/06/2019 04:00,14.3,0.0
14/06/2019 05:00,14.3,0.0
14/06/2019 06:00,14.3,0.0
14/06/2019 07:00,14.3,0.0
14/06/2019 08:00,14.3,0.0
14/06/2019 09:00,14.3,0.0
14/06/2019 10:00,14.3,0.0
14/06/2019 11:00,14.3,0.0
14/06/2019 12:00,14.3,0.0
14/06/2019 13:00,14.3,0.0
14/06/2019 14:00,14.3,0.0
14/06/2019 15:00,14.3,0.0
14/06/2019 16:00,14.3,0.0
14/06/2019 17:00,14.3,0.0
14/06/2019 18:00,14.3,0.0
14/06/2019 19:00,14.3,0.0
14/06/2019 20:00,14.3,0.0
14/06/2019 21:00,14.3,0.0
14/06/2019 22:00,14.3,0.0
14/06/2019 23:00,14.3,0.0
15/06/2019 00:00,14.28,0.0
15/06/2019 01:00,14.28,0.0
15/06/2019 02:00,14.28,0.0
15/06/2019 03:00,14.28,0.0
15/06/2019 04:00,14.28,0.0
15/06/2019 05:00,14.28,0.0
15/06/2019 06:00,14.28,0.0
15/06/2019 07:00,14.28,0.0
15/06/2019 08:00,14.28,0.0
15/06/2019 09:00,14.28,0.0
15/06/2019 10:00,14.28,0.0
15/06/2019 11:00,14.28,0.0
15/06/2019 12:00,14.28,0.0
15/06/2019 13:00,14.28,0.0
15/06/2019 14:00,14.28,0.0
15/06/2019 15:00,14.28,0.0
15/06/2019 16:00,14.28,0.0
15/06/2019 17:00,14.28,0.0
15/06/2019 18:00,14.28,0.0
15/06/2019 19:00,14.28,0.0
15/06/2019 20:00,14.28,0.0
15/06/2019 21:00,14.28,0.0
15/06/2019 22:00,14.28,0.0
15/06/2019 23:00,14.28,0.0
16/06/2019 00:00,12.48,0.0
16/06/2019 01:00,12.48,0.0
16/06/2019 02:00,12.48,0.0
16/06/2019 03:00,12.48,0.0
16/06/2019 04:00,12.48,0.0
16/06/2019 05:00,12.48,0.0
16/06/2019 06:00,12.48,0.0
16/06/2019 07:00,12.48,0.0
16/06/2019 08:00,12.48,0.0
16/06/2019 09:00,12.48,0.0
16/06/2019 10:00,12.48,0.0
16/06/2019 11:00,12.48,0.0
16/06/2019 12:00,12.48,0.0
16/06/2019 13:00,12.48,0.0
16/06/2019 14:00,12.48,0.0
16/06/2019 15:00,12.48,0.0
16/06/2019 16:00,12.48,0.0
16/06/2019 17:00,12.48,0.0
16/06/2019 18:00,12.48,0.0
16/06/2019 19:00,12.48,0.0
16/06/2019 20:00,12.48,0.0
16/06/2019 21:00,12.48,0.0
16/06/2019 22:00,12.48,0.0
16/06/2019 23:00,12.48,0.0
17/06/2019 00:00,13.99,0.0
17/06/2019 01:00,13.99,0.0
17/06/2019 02:00,13.99,0.0
17/06/2019 03:00,13.99,0.0
17/06/2019 04:00,13.99,0.0
17/06/2019 05:00,13.99,0.0
17/06/2019 06:00,13.99,0.0
17/06/2019 07:00,13.99,0.0
17/06/2019 08:00,13.99,0.0
17/06/2019 09:00,13.99,0.0
17/06/2019 10:00,13.99,0.0
17/06/2019 11:00,13.99,0.0
17/06/2019 12:00,13.99,0.0
17/06/2019 13:00,13.99,0.0
17/06/2019 14:00,13.99,0.0
17/06/2019 15:00,13.99,0.0
17/06/2019 16:00,13.99,0.0
17/06/2019 17:00,13.99,0.0
17/06/2019 18:00,13.99,0.0
17/06/2019 19:00,13.99,0.0
17/06/2019 20:00,13.99,0.0
17/06/2019 21:00,13.99,0.0
17/06/2019 22:00,13.99,0.0
17/06/2019 23:00,13.99,0.0
18/06/2019 00:00,14.26,0.0
18/06/2019 01:00,14.26,0.0
18/06/2019 02:00,14.26,0.0
18/06/2019 03:00,14.26,0.0
18/06/2019 04:00,14.26,0.0
18/06/2019 05:00,14.26,0.0
18/06/2019 06:00,14.26,0.0
18/06/2019 07:00,14.26,0.0
18/06/2019 08:00,14.26,0.0
18/06/2019 09:00,14.26,0.0
18/06/2019 10:00,14.26,0.0
18/06/2019 11:00,14.26,0.0
18/06/2019 12:00,14.26,0.0
18/06/2019 13:00,14.26,0.0
18/06/2019 14:00,14.26,0.0
18/06/2019 15:00,14.26,0.0
18/06/2019 16:00,14.26,0.0
18/06/2019 17:00,14.26,0.0
18/06/2019 18:00,14.26,0.0
18/06/2019 19:00,14.26,0.0
18/06/2019 20:00,14.26,0.0
18/06/2019 21:00,14.26,0.0
18/06/2019 22:00,14.26,0.0
18/06/2019 23:00,14.26,0.0
19/06/2019 00:00,14.21,0.0
19/06/2019 01:00,14.21,0.0
19/06/2019 02:00,14.21,0.0
19/06/2019 03:00,14.21,0.0
19/06/2019 04:00,14.21,0.0
19/06/2019 05:00,14.21,0.0
19/06/2019 06:00,14.21,0.0
19/06/2019 07:00,14.21,0.0
19/06/2019 08:00,14.21,0.0
19/06/2019 09:00,14.21,0.0
19/06/2019 10:00,14.21,0.0
19/06/2019 11:00,14.21,0.0
19/06/2019 12:00,14.21,0.0
19/06/2019 13:00,14.21,0.0
19/06/2019 14:00,14.21,0.0
19/06/2019 15:00,14.21,0.0
19/06/2019 16:00,14.21,0.0
19/06/2019 17:00,14.21,0.0
19/06/2019 18:00,14.21,0.0
19/06/2019 19:00,14.21,0.0
19/06/2019 20:00,14.21,0.0
19/06/2019 21:00,14.21,0.0
19/06/2019 22:00,14.21,0.0
19/06/2019 23:00,14.21,0.0
20/06/2019 00:00,5.49,0.0
20/06/2019 01:00,5.49,0.0
20/06/2019 02:00,5.49,0.0
20/06/2019 03:00,5.49,0.0
20/06/2019 04:00,5.49,0.0
20/06/2019 05:00,5.49,0.0
20/06/2019 06:00,5.49,0.0
20/06/2019 07:00,5.49,0.0
20/06/2019 08:00,5.49,0.0
20/06/2019 09:00,5.49,0.0
20/06/2019 10:00,5.49,0.0
20/06/2019 11:00,5.49,0.0
20/06/2019 12:00,5.49,0.0
20/06/2019 13:00,5.49,0.0
20/06/2019 14:00,5.49,0.0
20/06/2019 15:00,5.49,0.0
20/06/2019 16:00,5.49,0.0
20/06/2019 17:00,5.49,0.0
20/06/2019 18:00,5.49,0.0
20/06/2019 19:00,5.49,0.0
20/06/2019 20:00,5.49,0.0
20/06/2019 21:00,5.49,0.0
20/06/2019 22:00,5.49,0.0
20/06/2019 23:00,5.49,0.0
21/06/2019 00:00,14.13,0.0
21/06/2019 01:00,14.13,0.0
21/06/2019 02:00,14.13,0.0
21/06/2019 03:00,14.13,0.0
21/06/2019 04:00,14.13,0.0
21/06/2019 05:00,14.13,0.0
21/06/2019 06:00,14.13,0.0
21/06/2019 07:00,14.13,0.0
21/06/2019 08:00,14.13,0.0
21/06/2019 09:00,14.13,0.0
21/06/2019 10:00,14.13,0.0
21/06/2019 11:00,14.13,0.0
21/06/2019 12:00,14.13,0.0
21/06/2019 13:00,14.13,0.0
21/06/2019 14:00,14.13,0.0
21/06/2019 15:00,14.13,0.0
21/06/2019 16:00,14.13,0.0
21/06/2019 17:00,14.13,0.0
21/06/2019 18:00,14.13,0.0
21/06/2019 19:00,14.13,0.0
21/06/2019 20:00,14.13,0.0
21/06/2019 21:00,14.13,0.0
21/06/2019 22:00,14.13,0.0
21/06/2019 23:00,14.13,0.0
22/06/2019 00:00,14.26,0.0
22/06/2019 01:00,14.26,0.0
22/06/2019 02:00,14.26,0.0
22/06/2019 03:00,14.26,0.0
22/06/2019 04:00,14.26,0.0
22/06/2019 05:00,14.26,0.0
22/06/2019 06:00,14.26,0.0
22/06/2019 07:00,14.26,0.0
22/06/2019 08:00,14.26,0.0
22/06/2019 09:00,14.26,0.0
22/06/2019 10:00,14.26,0.0
22/06/2019 11:00,14.26,0.0
22/06/2019 12:00,14.26,0.0
22/06/2019 13:00,14.26,0.0
22/06/2019 14:00,14.26,0.0
22/06/2019 15:00,14.26,0.0
22/06/2019 16:00,14.26,0.0
22/06/2019 17:00,14.26,0.0
22/06/2019 18:00,14.26,0.0
22/06/2019 19:00,14.26,0.0
22/06/2019 20:00,14.26,0.0
22/06/2019 21:00,14.26,0.0
22/06/2019 22:00,14.26,0.0
22/06/2019 23:00,14.26,0.0
23/06/2019 00:00,13.94,0.0
23/06/2019 01:00,13.94,0.0
23/06/2019 02:00,13.94,0.0
23/06/2019 03:00,13.94,0.0
23/06/2019 04:00,13.94,0.0
23/06/2019 05:00,13.94,0.0
23/06/2019 06:00,13.94,0.0
23/06/2019 07:00,13.94,0.0
23/06/2019 08:00,13.94,0.0
23/06/2019 09:00,13.94,0.0
23/06/2019 10:00,13.94,0.0
23/06/2019 11:00,13.94,0.0
23/06/2019 12:00,13.94,0.0
23/06/2019 13:00,13.94,0.0
23/06/2019 14:00,13.94,0.0
23/06/2019 15:00,13.94,0.0
23/06/2019 16:00,13.94,0.0
23/06/2019 17:00,13.94,0.0
23/06/2019 18:00,13.94,0.0
23/06/2019 19:00,13.94,0.0
23/06/2019 20:00,13.94,0.0
23/06/2019 21:00,13.94,0.0
23/06/2019 22:00,13.94,0.0
23/06/2019 23:00,13.94,0.0
24/06/2019 00:00,14.22,0.0
24/06/2019 01:00,14.22,0.0
24/06/2019 02:00,14.22,0.0
24/06/2019 03:00,14.22,0.0
24/06/2019 04:00,14.22,0.0
24/06/2019 05:00,14.22,0.0
24/06/2019 06:00,14.22,0.0
24/06/2019 07:00,14.22,0.0
24/06/2019 08:00,14.22,0.0
24/06/2019 09:00,14.22,0.0
24/06/2019 10:00,14.22,0.0
24/06/2019 11:00,14.22,0.0
24/06/2019 12:00,14.22,0.0
24/06/2019 13:00,14.22,0.0
24/06/2019 14:00,14.22,0.0
24/06/2019 15:00,14.22,0.0
24/06/2019 16:00,14.22,68.115
24/06/2019 17:00,14.22,1.57
24/06/2019 18:00,14.22,0.0
24/06/2019 19:00,14.22,0.0
24/06/2019 20:00,14.22,0.0
24/06/2019 21:00,14.22,0.0
24/06/2019 22:00,14.22,0.0
24/06/2019 23:00,14.22,0.0
25/06/2019 00:00,9.43,0.0
25/06/2019 01:00,9.43,0.0
25/06/2019 02:00,9.43,0.0
25/06/2019 03:00,9.43,0.0
25/06/2019 04:00,9.43,0.0
25/06/2019 05:00,9.43,0.0
25/06/2019 06:00,9.43,0.0
25/06/2019 07:00,9.43,23.3
25/06/2019 08:00,9.43,151.245
25/06/2019 09:00,9.43,262.685
25/06/2019 10:00,9.43,270.245
25/06/2019 11:00,9.43,192.1
25/06/2019 12:00,9.43,218.13
25/06/2019 13:00,9.43,333.355
25/06/2019 14:00,9.43,260.81
25/06/2019 15:00,9.43,207.04
25/06/2019 16:00,9.43,71.26
25/06/2019 17:00,9.43,0.87
25/06/2019 18:00,9.43,0.0
25/06/2019 19:00,9.43,0.0
25/06/2019 20:00,9.43,0.0
25/06/2019 21:00,9.43,0.0
25/06/2019 22:00,9.43,0.0
25/06/2019 23:00,9.43,0.0
26/06/2019 00:00,6.69,0.0
26/06/2019 01:00,6.69,0.0
26/06/2019 02:00,6.69,0.0
26/06/2019 03:00,6.69,0.0
26/06/2019 04:00,6.69,0.0
26/06/2019 05:00,6.69,0.0
26/06/2019 06:00,6.69,0.0
26/06/2019 07:00,6.69,10.01
26/06/2019 08:00,6.69,83.925
26/06/2019 09:00,6.69,191.51
26/06/2019 10:00,6.69,337.96
26/06/2019 11:00,6.69,148.97
26/06/2019 12:00,6.69,162.24
26/06/2019 13:00,6.69,99.87
26/06/2019 14:00,6.69,108.2
26/06/2019 15:00,6.69,79.71
26/06/2019 16:00,6.69,27.44
26/06/2019 17:00,6.69,0.0
26/06/2019 18:00,6.69,0.0
26/06/2019 19:00,6.69,0.0
26/06/2019 20:00,6.69,0.0
26/06/2019 21:00,6.69,0.0
26/06/2019 22:00,6.69,0.0
26/06/2019 23:00,6.69,0.0
27/06/2019 00:00,12.38,0.0
27/06/2019 01:00,12.38,0.0
27/06/2019 02:00,12.38,0.0
27/06/2019 03:00,12.38,0.0
27/06/2019 04:00,12.38,0.0
27/06/2019 05:00,12.38,0.0
27/06/2019 06:00,12.38,0.0
27/06/2019 07:00,12.38,37.665
27/06/2019 08:00,12.38,424.26
27/06/2019 09:00,12.38,204.26
27/06/2019 10:00,12.38,660.2
27/06/2019 11:00,12.38,145.85
27/06/2019 12:00,12.38,599.08
27/06/2019 13:00,12.38,381.56
27/06/2019 14:00,12.38,122.56
27/06/2019 15:00,12.38,109.4
27/06/2019 16:00,12.38,112.42
27/06/2019 17:00,12.38,2.685
27/06/2019 18:00,12.38,0.0
27/06/2019 19:00,12.38,0.0
27/06/2019 20:00,12.38,0.0
27/06/2019 21:00,12.38,0.0
27/06/2019 22:00,12.38,0.0
27/06/2019 23:00,12.38,0.0
28/06/2019 00:00,11.97,0.0
28/06/2019 01:00,11.97,0.0
28/06/2019 02:00,11.97,0.0
28/06/2019 03:00,11.97,0.0
28/06/2019 04:00,11.97,0.0
28/06/2019 05:00,11.97,0.0
28/06/2019 06:00,11.97,0.0
28/06/2019 07:00,11.97,49.08
28/06/2019 08:00,11.97,369.6
28/06/2019 09:00,11.97,204.88
28/06/2019 10:00,11.97,536.71
28/06/2019 11:00,11.97,193.94
28/06/2019 12:00,11.97,295.8
28/06/2019 13:00,11.97,367.81
28/06/2019 14:00,11.97,277.845
28/06/2019 15:00,11.97,132.81
28/06/2019 16:00,11.97,60.105
28/06/2019 17:00,11.97,2.955
28/06/2019 18:00,11.97,0.0
28/06/2019 19:00,11.97,0.0
28/06/2019 20:00,11.97,0.0
28/06/2019 21:00,11.97,0.0
28/06/2019 22:00,11.97,0.0
28/06/2019 23:00,11.97,0.0
29/06/2019 00:00,10.97,0.0
29/06/2019 01:00,10.97,0.0
29/06/2019 02:00,10.97,0.0
29/06/2019 03:00,10.97,0.0
29/06/2019 04:00,10.97,0.0
29/06/2019 05:00,10.97,0.0
29/06/2019 06:00,10.97,0.0
29/06/2019 07:00,10.97,25.445
29/06/2019 08:00,10.97,111.97
29/06/2019 09:00,10.97,463.05
29/06/2019 10:00,10.97,243.31
29/06/2019 11:00,10.97,150.29
29/06/2019 12:00,10.97,424.85
29/06/2019 13:00,10.97,488.815
29/06/2019 14:00,10.97,229.94
29/06/2019 15:00,10.97,260.915
29/06/2019 16:00,10.97,71.24
29/06/2019 17:00,10.97,3.12
29/06/2019 18:00,10.97,0.0
29/06/2019 19:00,10.97,0.0
29/06/2019 20:00,10.97,0.0
29/06/2019 21:00,10.97,0.0
29/06/2019 22:00,10.97,0.0
29/06/2019 23:00,10.97,0.0
30/06/2019 00:00,14.17,0.0
30/06/2019 01:00,14.17,0.0
30/06/2019 02:00,14.17,0.0
30/06/2019 03:00,14.17,0.0
30/06/2019 04:00,14.17,0.0
30/06/2019 05:00,14.17,0.0
30/06/2019 06:00,14.17,0.0
30/06/2019 07:00,14.17,32.67
30/06/2019 08:00,14.17,323.845
30/06/2019 09:00,14.17,450.2
30/06/2019 10:00,14.17,541.0
30/06/2019 11:00,14.17,551.775
30/06/2019 12:00,14.17,472.235
30/06/2019 13:00,14.17,349.715
30/06/2019 14:00,14.17,217.265
30/06/2019 15:00,14.17,171.09
30/06/2019 16:00,14.17,55.33
30/06/2019 17:00,14.17,3.53
30/06/2019 18:00,14.17,0.0
30/06/2019 19:00,14.17,0.0
30/06/2019 20:00,14.17,0.0
30/06/2019 21:00,14.17,0.0
30/06/2019 22:00,14.17,0.0
30/06/2019 23:00,14.17,0.0
01/07/2019 00:00,12.3,0.0
01/07/2019 01:00,12.3,0.0
01/07/2019 02:00,12.3,0.0
01/07/2019 03:00,12.3,0.0
01/07/2019 04:00,12.3,0.0
01/07/2019 05:00,12.3,0.0
01/07/2019 06:00,12.3,0.0
01/07/2019 07:00,12.3,24.34
01/07/2019 08:00,12.3,317.61
01/07/2019 09:00,12.3,475.585
01/07/2019 10:00,12.3,567.875
01/07/2019 11:00,12.3,557.32
01/07/2019 12:00,12.3,457.2
01/07/2019 13:00,12.3,238.655
01/07/2019 14:00,12.3,236.555
01/07/2019 15:00,12.3,124.98
01/07/2019 16:00,12.3,31.5
01/07/2019 17:00,12.3,0.0
01/07/2019 18:00,12.3,0.0
01/07/2019 19:00,12.3,0.0
01/07/2019 20:00,12.3,0.0
01/07/2019 21:00,12.3,0.0
01/07/2019 22:00,12.3,0.0
01/07/2019 23:00,12.3,0.0
02/07/2019 00:00,11.91,0.0
02/07/2019 01:00,11.91,0.0
02/07/2019 02:00,11.91,0.0
02/07/2019 03:00,11.91,0.0
02/07/2019 04:00,11.91,0.0
02/07/2019 05:00,11.91,0.0
02/07/2019 06:00,11.91,0.0
02/07/2019 07:00,11.91,30.98
02/07/2019 08:00,11.91,171.72
02/07/2019 09:00,11.91,501.565
02/07/2019 10:00,11.91,491.58
02/07/2019 11:00,11.91,361.905
02/07/2019 12:00,11.91,279.095
02/07/2019 13:00,11.91,284.535
02/07/2019 14:00,11.91,198.77
02/07/2019 15:00,11.91,154.88
02/07/2019 16:00,11.91,73.04
02/07/2019 17:00,11.91,1.005
02/07/2019 18:00,11.91,0.0
02/07/2019 19:00,11.91,0.0
02/07/2019 20:00,11.91,0.0
02/07/2019 21:00,11.91,0.0
02/07/2019 22:00,11.91,0.0
02/07/2019 23:00,11.91,0.0
03/07/2019 00:00,12.82,0.0
03/07/2019 01:00,12.82,0.0
03/07/2019 02:00,12.82,0.0
03/07/2019 03:00,12.82,0.0
03/07/2019 04:00,12.82,0.0
03/07/2019 05:00,12.82,0.0
03/07/2019 06:00,12.82,0.0
03/07/2019 07:00,12.82,48.26
03/07/2019 08:00,12.82,351.54
03/07/2019 09:00,12.82,539.015
03/07/2019 10:00,12.82,581.005
03/07/2019 11:00,12.82,632.955
03/07/2019 12:00,12.82,227.28
03/07/2019 13:00,12.82,398.265
03/07/2019 14:00,12.82,261.335
03/07/2019 15:00,12.82,176.89
03/07/2019 16:00,12.82,70.83
03/07/2019 17:00,12.82,3.395
03/07/2019 18:00,12.82,0.0
03/07/2019 19:00,12.82,0.0
03/07/2019 20:00,12.82,0.0
03/07/2019 21:00,12.82,0.0
03/07/2019 22:00,12.82,0.0
03/07/2019 23:00,12.82,0.0
04/07/2019 00:00,11.58,0.0
04/07/2019 01:00,11.58,0.0
04/07/2019 02:00,11.58,0.0
04/07/2019 03:00,11.58,0.0
04/07/2019 04:00,11.58,0.0
04/07/2019 05:00,11.58,0.0
04/07/2019 06:00,11.58,0.0
04/07/2019 07:00,11.58,22.08
04/07/2019 08:00,11.58,306.305
04/07/2019 09:00,11.58,213.915
04/07/2019 10:00,11.58,608.42
04/07/2019 11:00,11.58,148.07
04/07/2019 12:00,11.58,588.28
04/07/2019 13:00,11.58,121.485
04/07/2019 14:00,11.58,216.985
04/07/2019 15:00,11.58,130.95
04/07/2019 16:00,11.58,83.86
04/07/2019 17:00,11.58,3.01
04/07/2019 18:00,11.58,0.0
04/07/2019 19:00,11.58,0.0
04/07/2019 20:00,11.58,0.0
04/07/2019 21:00,11.58,0.0
04/07/2019 22:00,11.58,0.0
04/07/2019 23:00,11.58,0.0
05/07/2019 00:00,7.81,0.0
05/07/2019 01:00,7.81,0.0
05/07/2019 02:00,7.81,0.0
05/07/2019 03:00,7.81,0.0
05/07/2019 04:00,7.81,0.0
05/07/2019 05:00,7.81,0.0
05/07/2019 06:00,7.81,0.0
05/07/2019 07:00,7.81,17.22
05/07/2019 08:00,7.81,107.68
05/07/2019 09:00,7.81,356.075
05/07/2019 10:00,7.81,578.765
05/07/2019 11:00,7.81,320.825
05/07/2019 12:00,7.81,229.595
05/07/2019 13:00,7.81,310.545
05/07/2019 14:00,7.81,245.065
05/07/2019 15:00,7.81,139.42
05/07/2019 16:00,7.81,66.79
05/07/2019 17:00,7.81,2.25
05/07/2019 18:00,7.81,0.0
05/07/2019 19:00,7.81,0.0
05/07/2019 20:00,7.81,0.0
05/07/2019 21:00,7.81,0.0
05/07/2019 22:00,7.81,0.0
05/07/2019 23:00,7.81,0.0
06/07/2019 00:00,8.77,0.0
06/07/2019 01:00,8.77,0.0
06/07/2019 02:00,8.77,0.0
06/07/2019 03:00,8.77,0.0
06/07/2019 04:00,8.77,0.0
06/07/2019 05:00,8.77,0.0
06/07/2019 06:00,8.77,0.0
06/07/2019 07:00,8.77,22.12
06/07/2019 08:00,8.77,121.4
06/07/2019 09:00,8.77,97.3
06/07/2019 10:00,8.77,158.695
06/07/2019 11:00,8.77,347.34
06/07/2019 12:00,8.77,495.9
06/07/2019 13:00,8.77,330.005
06/07/2019 14:00,8.77,102.575
06/07/2019 15:00,8.77,128.76
06/07/2019 16:00,8.77,56.98
06/07/2019 17:00,8.77,0.0
06/07/2019 18:00,8.77,0.0
06/07/2019 19:00,8.77,0.0
06/07/2019 20:00,8.77,0.0
06/07/2019 21:00,8.77,0.0
06/07/2019 22:00,8.77,0.0
06/07/2019 23:00,8.77,0.0
07/07/2019 00:00,11.05,0.0
07/07/2019 01:00,11.05,0.0
07/07/2019 02:00,11.05,0.0
07/07/2019 03:00,11.05,0.0
07/07/2019 04:00,11.05,0.0
07/07/2019 05:00,11.05,0.0
07/07/2019 06:00,11.05,0.0
07/07/2019 07:00,11.05,23.3
07/07/2019 08:00,11.05,249.23
07/07/2019 09:00,11.05,196.065
07/07/2019 10:00,11.05,229.73
07/07/2019 11:00,11.05,207.38
07/07/2019 12:00,11.05,164.74
07/07/2019 13:00,11.05,289.95
07/07/2019 14:00,11.05,201.85
07/07/2019 15:00,11.05,174.6
07/07/2019 16:00,11.05,79.71
07/07/2019 17:00,11.05,3.69
07/07/2019 18:00,11.05,0.0
07/07/2019 19:00,11.05,0.0
07/07/2019 20:00,11.05,0.0
07/07/2019 21:00,11.05,0.0
07/07/2019 22:00,11.05,0.0
07/07/2019 23:00,11.05,0.0
08/07/2019 00:00,14.3,0.0
08/07/2019 01:00,14.3,0.0
08/07/2019 02:00,14.3,0.0
08/07/2019 03:00,14.3,0.0
08/07/2019 04:00,14.3,0.0
08/07/2019 05:00,14.3,0.0
08/07/2019 06:00,14.3,0.0
08/07/2019 07:00,14.3,29.46
08/07/2019 08:00,14.3,83.55
08/07/2019 09:00,14.3,158.645
08/07/2019 10:00,14.3,407.52
08/07/2019 11:00,14.3,384.005
08/07/2019 12:00,14.3,340.15
08/07/2019 13:00,14.3,98.46
08/07/2019 14:00,14.3,268.455
08/07/2019 15:00,14.3,131.855
08/07/2019 16:00,14.3,99.31
08/07/2019 17:00,14.3,6.08
08/07/2019 18:00,14.3,0.0
08/07/2019 19:00,14.3,0.0
08/07/2019 20:00,14.3,0.0
08/07/2019 21:00,14.3,0.0
08/07/2019 22:00,14.3,0.0
08/07/2019 23:00,14.3,0.0
09/07/2019 00:00,13.34,0.0
09/07/2019 01:00,13.34,0.0
09/07/2019 02:00,13.34,0.0
09/07/2019 03:00,13.34,0.0
09/07/2019 04:00,13.34,0.0
09/07/2019 05:00,13.34,0.0
09/07/2019 06:00,13.34,0.0
09/07/2019 07:00,13.34,35.58
09/07/2019 08:00,13.34,363.47
09/07/2019 09:00,13.34,514.93
09/07/2019 10:00,13.34,591.175
09/07/2019 11:00,13.34,590.26
09/07/2019 12:00,13.34,510.07
09/07/2019 13:00,13.34,383.0
09/07/2019 14:00,13.34,279.69
09/07/2019 15:00,13.34,186.185
09/07/2019 16:00,13.34,58.76
09/07/2019 17:00,13.34,6.69
09/07/2019 18:00,13.34,0.0
09/07/2019 19:00,13.34,0.0
09/07/2019 20:00,13.34,0.0
09/07/2019 21:00,13.34,0.0
09/07/2019 22:00,13.34,0.0
09/07/2019 23:00,13.34,0.0
10/07/2019 00:00,14.16,0.0
10/07/2019 01:00,14.16,0.0
10/07/2019 02:00,14.16,0.0
10/07/2019 03:00,14.16,0.0
10/07/2019 04:00,14.16,0.0
10/07/2019 05:00,14.16,0.0
10/07/2019 06:00,14.16,0.0
10/07/2019 07:00,14.16,26.855
10/07/2019 08:00,14.16,222.25
10/07/2019 09:00,14.16,479.41
10/07/2019 10:00,14.16,603.38
10/07/2019 11:00,14.16,584.81
10/07/2019 12:00,14.16,520.09
10/07/2019 13:00,14.16,377.81
10/07/2019 14:00,14.16,244.925
10/07/2019 15:00,14.16,187.9
10/07/2019 16:00,14.16,59.28
10/07/2019 17:00,14.16,7.615
10/07/2019 18:00,14.16,0.0
10/07/2019 19:00,14.16,0.0
10/07/2019 20:00,14.16,0.0
10/07/2019 21:00,14.16,0.0
10/07/2019 22:00,14.16,0.0
10/07/2019 23:00,14.16,0.0
11/07/2019 00:00,14.8,0.0
11/07/2019 01:00,14.8,0.0
11/07/2019 02:00,14.8,0.0
11/07/2019 03:00,14.8,0.0
11/07/2019 04:00,14.8,0.0
11/07/2019 05:00,14.8,0.0
11/07/2019 06:00,14.8,0.0
11/07/2019 07:00,14.8,27.77
11/07/2019 08:00,14.8,376.82
11/07/2019 09:00,14.8,526.12
11/07/2019 10:00,14.8,590.15
11/07/2019 11:00,14.8,596.54
11/07/2019 12:00,14.8,524.95
11/07/2019 13:00,14.8,381.51
11/07/2019 14:00,14.8,251.49
11/07/2019 15:00,14.8,189.86
11/07/2019 16:00,14.8,61.41
11/07/2019 17:00,14.8,8.4
11/07/2019 18:00,14.8,0.0
11/07/2019 19:00,14.8,0.0
11/07/2019 20:00,14.8,0.0
11/07/2019 21:00,14.8,0.0
11/07/2019 22:00,14.8,0.0
11/07/2019 23:00,14.8,0.0
12/07/2019 00:00,14.88,0.0
12/07/2019 01:00,14.88,0.0
12/07/2019 02:00,14.88,0.0
12/07/2019 03:00,14.88,0.0
12/07/2019 04:00,14.88,0.0
12/07/2019 05:00,14.88,0.0
12/07/2019 06:00,14.88,0.0
12/07/2019 07:00,14.88,29.245
12/07/2019 08:00,14.88,393.11
12/07/2019 09:00,14.88,529.07
12/07/2019 10:00,14.88,600.57
12/07/2019 11:00,14.88,602.34
12/07/2019 12:00,14.88,532.85
12/07/2019 13:00,14.88,392.55
12/07/2019 14:00,14.88,257.81
12/07/2019 15:00,14.88,193.77
12/07/2019 16:00,14.88,66.88
12/07/2019 17:00,14.88,7.96
12/07/2019 18:00,14.88,0.0
12/07/2019 19:00,14.88,0.0
12/07/2019 20:00,14.88,0.0
12/07/2019 21:00,14.88,0.0
12/07/2019 22:00,14.88,0.0
12/07/2019 23:00,14.88,0.0
13/07/2019 00:00,14.83,0.0
13/07/2019 01:00,14.83,0.0
13/07/2019 02:00,14.83,0.0
13/07/2019 03:00,14.83,0.0
13/07/2019 04:00,14.83,0.0
13/07/2019 05:00,14.83,0.0
13/07/2019 06:00,14.83,0.0
13/07/2019 07:00,14.83,42.985
13/07/2019 08:00,14.83,379.875
13/07/2019 09:00,14.83,544.87
13/07/2019 10:00,14.83,598.94
13/07/2019 11:00,14.83,485.24
13/07/2019 12:00,14.83,513.65
13/07/2019 13:00,14.83,390.195
13/07/2019 14:00,14.83,263.99
13/07/2019 15:00,14.83,187.76
13/07/2019 16:00,14.83,67.44
13/07/2019 17:00,14.83,8.985
13/07/2019 18:00,14.83,0.0
13/07/2019 19:00,14.83,0.0
13/07/2019 20:00,14.83,0.0
13/07/2019 21:00,14.83,0.0
13/07/2019 22:00,14.83,0.0
13/07/2019 23:00,14.83,0.0
14/07/2019 00:00,14.99,0.0
14/07/2019 01:00,14.99,0.0
14/07/2019 02:00,14.99,0.0
14/07/2019 03:00,14.99,0.0
14/07/2019 04:00,14.99,0.0
14/07/2019 05:00,14.99,0.0
14/07/2019 06:00,14.99,0.0
14/07/2019 07:00,14.99,29.33
14/07/2019 08:00,14.99,396.82
14/07/2019 09:00,14.99,522.19
14/07/2019 10:00,14.99,578.87
14/07/2019 11:00,14.99,584.42
14/07/2019 12:00,14.99,526.605
14/07/2019 13:00,14.99,383.87
14/07/2019 14:00,14.99,261.94
14/07/2019 15:00,14.99,191.62
14/07/2019 16:00,14.99,62.23
14/07/2019 17:00,14.99,9.525
14/07/2019 18:00,14.99,0.0
14/07/2019 19:00,14.99,0.0
14/07/2019 20:00,14.99,0.0
14/07/2019 21:00,14.99,0.0
14/07/2019 22:00,14.99,0.0
14/07/2019 23:00,14.99,0.0
15/07/2019 00:00,15.05,0.0
15/07/2019 01:00,15.05,0.0
15/07/2019 02:00,15.05,0.0
15/07/2019 03:00,15.05,0.0
15/07/2019 04:00,15.05,0.0
15/07/2019 05:00,15.05,0.0
15/07/2019 06:00,15.05,0.0
15/07/2019 07:00,15.05,36.86
15/07/2019 08:00,15.05,395.05
15/07/2019 09:00,15.05,522.47
15/07/2019 10:00,15.05,576.09
15/07/2019 11:00,15.05,518.16
15/07/2019 12:00,15.05,522.015
15/07/2019 13:00,15.05,378.49
15/07/2019 14:00,15.05,264.41
15/07/2019 15:00,15.05,178.945
15/07/2019 16:00,15.05,60.84
15/07/2019 17:00,15.05,9.74
15/07/2019 18:00,15.05,0.0
15/07/2019 19:00,15.05,0.0
15/07/2019 20:00,15.05,0.0
15/07/2019 21:00,15.05,0.0
15/07/2019 22:00,15.05,0.0
15/07/2019 23:00,15.05,0.0
16/07/2019 00:00,15.11,0.0
16/07/2019 01:00,15.11,0.0
16/07/2019 02:00,15.11,0.0
16/07/2019 03:00,15.11,0.0
16/07/2019 04:00,15.11,0.0
16/07/2019 05:00,15.11,0.0
16/07/2019 06:00,15.11,0.0
16/07/2019 07:00,15.11,32.02
16/07/2019 08:00,15.11,393.42
16/07/2019 09:00,15.11,533.58
16/07/2019 10:00,15.11,597.79
16/07/2019 11:00,15.11,603.35
16/07/2019 12:00,15.11,528.005
16/07/2019 13:00,15.11,393.14
16/07/2019 14:00,15.11,287.5
16/07/2019 15:00,15.11,165.485
16/07/2019 16:00,15.11,62.93
16/07/2019 17:00,15.11,10.815
16/07/2019 18:00,15.11,0.0
16/07/2019 19:00,15.11,0.0
16/07/2019 20:00,15.11,0.0
16/07/2019 21:00,15.11,0.0
16/07/2019 22:00,15.11,0.0
16/07/2019 23:00,15.11,0.0
17/07/2019 00:00,15.17,0.0
17/07/2019 01:00,15.17,0.0
17/07/2019 02:00,15.17,0.0
17/07/2019 03:00,15.17,0.0
17/07/2019 04:00,15.17,0.0
17/07/2019 05:00,15.17,0.0
17/07/2019 06:00,15.17,0.0
17/07/2019 07:00,15.17,34.76
17/07/2019 08:00,15.17,386.51
17/07/2019 09:00,15.17,526.81
17/07/2019 10:00,15.17,587.74
17/07/2019 11:00,15.17,605.16
17/07/2019 12:00,15.17,535.87
17/07/2019 13:00,15.17,396.23
17/07/2019 14:00,15.17,297.36
17/07/2019 15:00,15.17,144.56
17/07/2019 16:00,15.17,64.84
17/07/2019 17:00,15.17,10.595
17/07/2019 18:00,15.17,0.0
17/07/2019 19:00,15.17,0.0
17/07/2019 20:00,15.17,0.0
17/07/2019 21:00,15.17,0.0
17/07/2019 22:00,15.17,0.0
17/07/2019 23:00,15.17,0.0
18/07/2019 00:00,15.26,0.0
18/07/2019 01:00,15.26,0.0
18/07/2019 02:00,15.26,0.0
18/07/2019 03:00,15.26,0.0
18/07/2019 04:00,15.26,0.0
18/07/2019 05:00,15.26,0.0
18/07/2019 06:00,15.26,0.0
18/07/2019 07:00,15.26,33.19
18/07/2019 08:00,15.26,410.06
18/07/2019 09:00,15.26,539.38
18/07/2019 10:00,15.26,606.65
18/07/2019 11:00,15.26,608.8
18/07/2019 12:00,15.26,555.965
18/07/2019 13:00,15.26,404.67
18/07/2019 14:00,15.26,297.95
18/07/2019 15:00,15.26,133.325
18/07/2019 16:00,15.26,69.18
18/07/2019 17:00,15.26,11.82
18/07/2019 18:00,15.26,0.0
18/07/2019 19:00,15.26,0.0
18/07/2019 20:00,15.26,0.0
18/07/2019 21:00,15.26,0.0
18/07/2019 22:00,15.26,0.0
18/07/2019 23:00,15.26,0.0
19/07/2019 00:00,14.08,0.0
19/07/2019 01:00,14.08,0.0
19/07/2019 02:00,14.08,0.0
19/07/2019 03:00,14.08,0.0
19/07/2019 04:00,14.08,0.0
19/07/2019 05:00,14.08,0.0
19/07/2019 06:00,14.08,0.0
19/07/2019 07:00,14.08,41.74
19/07/2019 08:00,14.08,366.09
19/07/2019 09:00,14.08,508.4
19/07/2019 10:00,14.08,582.7
19/07/2019 11:00,14.08,595.4
19/07/2019 12:00,14.08,532.89
19/07/2019 13:00,14.08,400.4
19/07/2019 14:00,14.08,317.49
19/07/2019 15:00,14.08,137.995
19/07/2019 16:00,14.08,68.68
19/07/2019 17:00,14.08,11.62
19/07/2019 18:00,14.08,0.0
19/07/2019 19:00,14.08,0.0
19/07/2019 20:00,14.08,0.0
19/07/2019 21:00,14.08,0.0
19/07/2019 22:00,14.08,0.0
19/07/2019 23:00,14.08,0.0
20/07/2019 00:00,14.02,0.0
20/07/2019 01:00,14.02,0.0
20/07/2019 02:00,14.02,0.0
20/07/2019 03:00,14.02,0.0
20/07/2019 04:00,14.02,0.0
20/07/2019 05:00,14.02,0.0
20/07/2019 06:00,14.02,0.0
20/07/2019 07:00,14.02,73.04
20/07/2019 08:00,14.02,364.81
20/07/2019 09:00,14.02,513.875
20/07/2019 10:00,14.02,586.175
20/07/2019 11:00,14.02,589.7
20/07/2019 12:00,14.02,537.21
20/07/2019 13:00,14.02,414.43
20/07/2019 14:00,14.02,349.63
20/07/2019 15:00,14.02,160.76
20/07/2019 16:00,14.02,120.13
20/07/2019 17:00,14.02,11.035
20/07/2019 18:00,14.02,0.0
20/07/2019 19:00,14.02,0.0
20/07/2019 20:00,14.02,0.0
20/07/2019 21:00,14.02,0.0
20/07/2019 22:00,14.02,0.0
20/07/2019 23:00,14.02,0.0
21/07/2019 00:00,14.34,0.0
21/07/2019 01:00,14.34,0.0
21/07/2019 02:00,14.34,0.0
21/07/2019 03:00,14.34,0.0
21/07/2019 04:00,14.34,0.0
21/07/2019 05:00,14.34,0.0
21/07/2019 06:00,14.34,0.0
21/07/2019 07:00,14.34,105.13
21/07/2019 08:00,14.34,372.795
21/07/2019 09:00,14.34,582.27
21/07/2019 10:00,14.34,584.35
21/07/2019 11:00,14.34,602.55
21/07/2019 12:00,14.34,564.18
21/07/2019 13:00,14.34,436.445
21/07/2019 14:00,14.34,295.45
21/07/2019 15:00,14.34,132.6
21/07/2019 16:00,14.34,70.09
21/07/2019 17:00,14.34,12.55
21/07/2019 18:00,14.34,0.0
21/07/2019 19:00,14.34,0.0
21/07/2019 20:00,14.34,0.0
21/07/2019 21:00,14.34,0.0
21/07/2019 22:00,14.34,0.0
21/07/2019 23:00,14.34,0.0
22/07/2019 00:00,15.61,0.0
22/07/2019 01:00,15.61,0.0
22/07/2019 02:00,15.61,0.0
22/07/2019 03:00,15.61,0.0
22/07/2019 04:00,15.61,0.0
22/07/2019 05:00,15.61,0.0
22/07/2019 06:00,15.61,0.0
22/07/2019 07:00,15.61,36.385
22/07/2019 08:00,15.61,469.02
22/07/2019 09:00,15.61,242.32
22/07/2019 10:00,15.61,594.63
22/07/2019 11:00,15.61,625.505
22/07/2019 12:00,15.61,571.16
22/07/2019 13:00,15.61,426.03
22/07/2019 14:00,15.61,312.11
22/07/2019 15:00,15.61,138.205
22/07/2019 16:00,15.61,71.48
22/07/2019 17:00,15.61,11.28
22/07/2019 18:00,15.61,0.0
22/07/2019 19:00,15.61,0.0
22/07/2019 20:00,15.61,0.0
22/07/2019 21:00,15.61,0.0
22/07/2019 22:00,15.61,0.0
22/07/2019 23:00,15.61,0.0
23/07/2019 00:00,15.68,0.0
23/07/2019 01:00,15.68,0.0
23/07/2019 02:00,15.68,0.0
23/07/2019 03:00,15.68,0.0
23/07/2019 04:00,15.68,0.0
23/07/2019 05:00,15.68,0.0
23/07/2019 06:00,15.68,0.0
23/07/2019 07:00,15.68,111.375
23/07/2019 08:00,15.68,359.37
23/07/2019 09:00,15.68,525.215
23/07/2019 10:00,15.68,607.69
23/07/2019 11:00,15.68,613.75
23/07/2019 12:00,15.68,587.76
23/07/2019 13:00,15.68,446.52
23/07/2019 14:00,15.68,301.445
23/07/2019 15:00,15.68,139.925
23/07/2019 16:00,15.68,71.37
23/07/2019 17:00,15.68,16.61
23/07/2019 18:00,15.68,0.0
23/07/2019 19:00,15.68,0.0
23/07/2019 20:00,15.68,0.0
23/07/2019 21:00,15.68,0.0
23/07/2019 22:00,15.68,0.0
23/07/2019 23:00,15.68,0.0
24/07/2019 00:00,15.11,0.0
24/07/2019 01:00,15.11,0.0
24/07/2019 02:00,15.11,0.0
24/07/2019 03:00,15.11,0.0
24/07/2019 04:00,15.11,0.0
24/07/2019 05:00,15.11,0.0
24/07/2019 06:00,15.11,0.0
24/07/2019 07:00,15.11,151.3
24/07/2019 08:00,15.11,393.335
24/07/2019 09:00,15.11,530.65
24/07/2019 10:00,15.11,594.705
24/07/2019 11:00,15.11,631.31
24/07/2019 12:00,15.11,597.27
24/07/2019 13:00,15.11,447.315
24/07/2019 14:00,15.11,293.475
24/07/2019 15:00,15.11,141.52
24/07/2019 16:00,15.11,70.83
24/07/2019 17:00,15.11,17.91
24/07/2019 18:00,15.11,0.0
24/07/2019 19:00,15.11,0.0
24/07/2019 20:00,15.11,0.0
24/07/2019 21:00,15.11,0.0
24/07/2019 22:00,15.11,0.0
24/07/2019 23:00,15.11,0.0
25/07/2019 00:00,11.95,0.0
25/07/2019 01:00,11.95,0.0
25/07/2019 02:00,11.95,0.0
25/07/2019 03:00,11.95,0.0
25/07/2019 04:00,11.95,0.0
25/07/2019 05:00,11.95,0.0
25/07/2019 06:00,11.95,0.0
25/07/2019 07:00,11.95,111.36
25/07/2019 08:00,11.95,110.25
25/07/2019 09:00,11.95,524.71
25/07/2019 10:00,11.95,614.72
25/07/2019 11:00,11.95,621.215
25/07/2019 12:00,11.95,610.71
25/07/2019 13:00,11.95,566.015
25/07/2019 14:00,11.95,390.75
25/07/2019 15:00,11.95,98.06
25/07/2019 16:00,11.95,61.19
25/07/2019 17:00,11.95,12.6
25/07/2019 18:00,11.95,0.0
25/07/2019 19:00,11.95,0.0
25/07/2019 20:00,11.95,0.0
25/07/2019 21:00,11.95,0.0
25/07/2019 22:00,11.95,0.0
25/07/2019 23:00,11.95,0.0
26/07/2019 00:00,15.9,0.0
26/07/2019 01:00,15.9,0.0
26/07/2019 02:00,15.9,0.0
26/07/2019 03:00,15.9,0.0
26/07/2019 04:00,15.9,0.0
26/07/2019 05:00,15.9,0.0
26/07/2019 06:00,15.9,0.0
26/07/2019 07:00,15.9,117.505
26/07/2019 08:00,15.9,392.66
26/07/2019 09:00,15.9,366.105
26/07/2019 10:00,15.9,655.045
26/07/2019 11:00,15.9,606.51
26/07/2019 12:00,15.9,203.65
26/07/2019 13:00,15.9,163.505
26/07/2019 14:00,15.9,333.69
26/07/2019 15:00,15.9,116.835
26/07/2019 16:00,15.9,85.0
26/07/2019 17:00,15.9,17.61
26/07/2019 18:00,15.9,0.0
26/07/2019 19:00,15.9,0.0
26/07/2019 20:00,15.9,0.0
26/07/2019 21:00,15.9,0.0
26/07/2019 22:00,15.9,0.0
26/07/2019 23:00,15.9,0.0
27/07/2019 00:00,14.24,0.0
27/07/2019 01:00,14.24,0.0
27/07/2019 02:00,14.24,0.0
27/07/2019 03:00,14.24,0.0
27/07/2019 04:00,14.24,0.0
27/07/2019 05:00,14.24,0.0
27/07/2019 06:00,14.24,0.0
27/07/2019 07:00,14.24,64.925
27/07/2019 08:00,14.24,394.29
27/07/2019 09:00,14.24,529.57
27/07/2019 10:00,14.24,614.29
27/07/2019 11:00,14.24,614.29
27/07/2019 12:00,14.24,599.665
27/07/2019 13:00,14.24,483.73
27/07/2019 14:00,14.24,296.39
27/07/2019 15:00,14.24,103.635
27/07/2019 16:00,14.24,89.17
27/07/2019 17:00,14.24,19.61
27/07/2019 18:00,14.24,0.0
27/07/2019 19:00,14.24,0.0
27/07/2019 20:00,14.24,0.0
27/07/2019 21:00,14.24,0.0
27/07/2019 22:00,14.24,0.0
27/07/2019 23:00,14.24,0.0
28/07/2019 00:00,12.15,0.0
28/07/2019 01:00,12.15,0.0
28/07/2019 02:00,12.15,0.0
28/07/2019 03:00,12.15,0.0
28/07/2019 04:00,12.15,0.0
28/07/2019 05:00,12.15,0.0
28/07/2019 06:00,12.15,0.0
28/07/2019 07:00,12.15,128.57
28/07/2019 08:00,12.15,433.11
28/07/2019 09:00,12.15,537.33
28/07/2019 10:00,12.15,617.085
28/07/2019 11:00,12.15,481.52
28/07/2019 12:00,12.15,705.34
28/07/2019 13:00,12.15,521.5
28/07/2019 14:00,12.15,116.75
28/07/2019 15:00,12.15,216.62
28/07/2019 16:00,12.15,43.26
28/07/2019 17:00,12.15,12.6
28/07/2019 18:00,12.15,0.0
28/07/2019 19:00,12.15,0.0
28/07/2019 20:00,12.15,0.0
28/07/2019 21:00,12.15,0.0
28/07/2019 22:00,12.15,0.0
28/07/2019 23:00,12.15,0.0
29/07/2019 00:00,15.96,0.0
29/07/2019 01:00,15.96,0.0
29/07/2019 02:00,15.96,0.0
29/07/2019 03:00,15.96,0.0
29/07/2019 04:00,15.96,0.0
29/07/2019 05:00,15.96,0.0
29/07/2019 06:00,15.96,0.0
29/07/2019 07:00,15.96,126.955
29/07/2019 08:00,15.96,385.61
29/07/2019 09:00,15.96,536.19
29/07/2019 10:00,15.96,605.07
29/07/2019 11:00,15.96,628.91
29/07/2019 12:00,15.96,114.94
29/07/2019 13:00,15.96,468.47
29/07/2019 14:00,15.96,145.36
29/07/2019 15:00,15.96,162.03
29/07/2019 16:00,15.96,82.71
29/07/2019 17:00,15.96,19.3
29/07/2019 18:00,15.96,0.0
29/07/2019 19:00,15.96,0.0
29/07/2019 20:00,15.96,0.0
29/07/2019 21:00,15.96,0.0
29/07/2019 22:00,15.96,0.0
29/07/2019 23:00,15.96,0.0
30/07/2019 00:00,15.11,0.0
30/07/2019 01:00,15.11,0.0
30/07/2019 02:00,15.11,0.0
30/07/2019 03:00,15.11,0.0
30/07/2019 04:00,15.11,0.0
30/07/2019 05:00,15.11,0.0
30/07/2019 06:00,15.11,0.0
30/07/2019 07:00,15.11,134.54
30/07/2019 08:00,15.11,387.05
30/07/2019 09:00,15.11,528.2
30/07/2019 10:00,15.11,604.44
30/07/2019 11:00,15.11,636.045
30/07/2019 12:00,15.11,598.055
30/07/2019 13:00,15.11,471.715
30/07/2019 14:00,15.11,307.99
30/07/2019 15:00,15.11,208.15
30/07/2019 16:00,15.11,109.26
30/07/2019 17:00,15.11,4.61
30/07/2019 18:00,15.11,0.0
30/07/2019 19:00,15.11,0.0
30/07/2019 20:00,15.11,0.0
30/07/2019 21:00,15.11,0.0
30/07/2019 22:00,15.11,0.0
30/07/2019 23:00,15.11,0.0
31/07/2019 00:00,13.03,0.0
31/07/2019 01:00,13.03,0.0
31/07/2019 02:00,13.03,0.0
31/07/2019 03:00,13.03,0.0
31/07/2019 04:00,13.03,0.0
31/07/2019 05:00,13.03,0.0
31/07/2019 06:00,13.03,0.0
31/07/2019 07:00,13.03,154.235
31/07/2019 08:00,13.03,413.63
31/07/2019 09:00,13.03,539.68
31/07/2019 10:00,13.03,613.245
31/07/2019 11:00,13.03,627.935
31/07/2019 12:00,13.03,647.77
31/07/2019 13:00,13.03,121.97
31/07/2019 14:00,13.03,133.085
31/07/2019 15:00,13.03,154.405
31/07/2019 16:00,13.03,109.38
31/07/2019 17:00,13.03,20.13
31/07/2019 18:00,13.03,0.0
31/07/2019 19:00,13.03,0.0
31/07/2019 20:00,13.03,0.0
31/07/2019 21:00,13.03,0.0
31/07/2019 22:00,13.03,0.0
31/07/2019 23:00,13.03,0.0
